ElementName,s,betax,betay,alphax,alphay,etax,etay,xAperture,yAperture,xmin,xmax,ymin,ymax,sigma_x,sigma_y,Particles,Cx,Cy,Charge,ElementCodes
_BEG_,0.0,2.0,2.0,0.0,0.0,0.0,0.0,10000.0,10000.0,,,,,,,50000,2.0,-5.0,0.0,38
Q,0.0,2.0,2.0,0.0,0.0,0.0,0.0,10000.0,10000.0,,,,,,,50000,2.0,-5.0,5.4e-10,25
W1,0.0,2.0,2.0,0.0,0.0,0.0,0.0,100.0,100.0,,,,,,,50000,2.0,-5.0,5.4e-10,35
MA2,0.0,2.0,2.0,0.0,0.0,0.0,0.0,100.0,100.0,,,,,,,50000,2.0,-5.0,5.4e-10,21
LM01L0,0.05,2.00125,2.00125,-0.025,-0.025,0.0,0.0,100.0,100.0,,,,,,,50000,2.0,-5.0,5.4e-10,15
LM01L0,0.1,2.005,2.005,-0.05,-0.05,0.0,0.0,100.0,100.0,,,,,,,50000,2.0,-5.0,5.4e-10,15
LM01L0,0.15,2.01125,2.01125,-0.075,-0.075,0.0,0.0,100.0,100.0,,,,,,,50000,2.0,-5.0,5.4e-10,15
LM01L0,0.2,2.02,2.02,-0.1,-0.1,0.0,0.0,100.0,100.0,,,,,,,50000,2.0,-5.0,5.4e-10,15
LM01L0,0.25,2.03125,2.03125,-0.125,-0.125,0.0,0.0,100.0,100.0,,,,,,,50000,2.0,-5.0,5.4e-10,15
LM01L0,0.3,2.045000000000001,2.045000000000001,-0.15,-0.15,0.0,0.0,100.0,100.0,,,,,,,50000,2.0,-5.0,5.4e-10,15
LM01L0,0.35,2.061250000000001,2.061250000000001,-0.175,-0.175,0.0,0.0,100.0,100.0,,,,,,,50000,2.0,-5.0,5.4e-10,15
LM01L0,0.4,2.080000000000001,2.080000000000001,-0.2,-0.2,0.0,0.0,100.0,100.0,,,,,,,50000,2.0,-5.0,5.4e-10,15
LM01L0,0.45,2.101250000000002,2.101250000000002,-0.225,-0.225,0.0,0.0,100.0,100.0,,,,,,,50000,2.0,-5.0,5.4e-10,15
LM01L0,0.4999999999999999,2.125000000000002,2.125000000000002,-0.2499999999999999,-0.2499999999999999,0.0,0.0,100.0,100.0,,,,,,,50000,2.0,-5.0,5.4e-10,15
LM01L0,0.5499999999999999,2.151250000000002,2.151250000000002,-0.2749999999999999,-0.2749999999999999,0.0,0.0,100.0,100.0,,,,,,,50000,2.0,-5.0,5.4e-10,15
LM01L0,0.6,2.180000000000002,2.180000000000002,-0.2999999999999999,-0.2999999999999999,0.0,0.0,100.0,100.0,,,,,,,50000,2.0,-5.0,5.4e-10,15
LM01L0,0.65,2.211250000000002,2.211250000000002,-0.3249999999999998,-0.3249999999999998,0.0,0.0,100.0,100.0,,,,,,,50000,2.0,-5.0,5.4e-10,15
LM01L0,0.7000000000000001,2.245000000000002,2.245000000000002,-0.3499999999999998,-0.3499999999999998,0.0,0.0,100.0,100.0,,,,,,,50000,2.0,-5.0,5.4e-10,15
LM01L0,0.7500000000000001,2.281250000000003,2.281250000000003,-0.3749999999999998,-0.3749999999999998,0.0,0.0,100.0,100.0,,,,,,,50000,2.0,-5.0,5.4e-10,15
LM01L0,0.8000000000000002,2.320000000000003,2.320000000000003,-0.3999999999999997,-0.3999999999999997,0.0,0.0,100.0,100.0,,,,,,,50000,2.0,-5.0,5.4e-10,15
LM01L0,0.8500000000000002,2.361250000000003,2.361250000000003,-0.4249999999999997,-0.4249999999999997,0.0,0.0,100.0,100.0,,,,,,,50000,2.0,-5.0,5.4e-10,15
LM01L0,0.9000000000000002,2.405000000000003,2.405000000000003,-0.4499999999999997,-0.4499999999999997,0.0,0.0,100.0,100.0,,,,,,,50000,2.0,-5.0,5.4e-10,15
LM01L0,0.9500000000000004,2.451250000000003,2.451250000000003,-0.4749999999999996,-0.4749999999999996,0.0,0.0,100.0,100.0,,,,,,,50000,2.0,-5.0,5.4e-10,15
LM01L0,1.0,2.500000000000004,2.500000000000004,-0.4999999999999996,-0.4999999999999996,0.0,0.0,100.0,100.0,,,,,,,50000,2.0,-5.0,5.4e-10,15
Q1L0,1.045,2.451831306367238,2.642578418026469,1.556933635978536,-2.708115059982023,0.0,-2.278347248280175e-06,99.9999999743679,99.99773583971661,,,,,,,50000,1.962428560874445,-5.092256295500028,5.4e-10,26
Q1L0,1.09,2.226740693388076,2.999801523053482,3.382080110470081,-5.329656987663928,0.0,-9.285401682350732e-06,99.99999958209679,99.9908577550616,,,,,,,50000,1.851127653136032,-5.372517760175095,5.4e-10,26
Q1L0,1.135,1.858238333271635,3.626203788731631,4.703722305387903,-8.764836203836568,0.0,-2.154695154246753e-05,99.99999781714072,99.97910569809562,,,,,,,50000,1.670285333715454,-5.851397348789202,5.4e-10,26
Q1L0,1.18,1.401184699244805,4.617413178010592,5.325101870997397,-13.53807480721957,0.0,-3.997230252524433e-05,99.99999279342451,99.96203534480246,,,,,,,50000,1.426706120684659,-6.54702996852108,5.4e-10,26
LL0L1,1.24,0.8375973318680483,6.385656992837828,4.068020918615217,-15.93265543990104,0.0,-6.919324685369475e-05,99.99997917699793,99.93546628801712,,,,,,,50000,1.063941157961999,-7.629778672361889,5.4e-10,5
LL0L1,1.3,0.4248596787771531,8.441250483586842,2.810939966233036,-18.32723607258252,0.0,-9.841419118214518e-05,99.99995850141902,99.90889723123179,,,,,,,50000,0.7011761952393398,-8.712527376202697,5.4e-10,5
Q1L1,1.345,0.2062987167810718,10.46095977584509,1.997360129408377,-27.00260527515183,0.0,-0.0001233893151681048,99.99993672142577,99.88750239627429,,,,,,,50000,0.4200092038892462,-9.659614385889077,5.4e-10,27
Q1L1,1.39,0.07247412243049008,13.39940005646223,0.9467558002543608,-38.94700056205101,0.0,-0.0001554589724579392,99.99990578209228,99.86272810678531,,,,,,,50000,0.1263532975412839,-10.89711586390213,5.4e-10,27
Q1L1,1.435,0.03926671064210718,17.61230877472145,-0.2161989806840476,-55.60645054261394,0.0,-0.0001963326260972439,99.9998619377883,99.83383013726942,,,,,,,50000,-0.17100461747113319,-12.46227840790725,5.4e-10,27
Q1L1,1.48,0.1106171678273639,23.60971480933852,-1.353497670422749,-78.99780418315737,0.0,-0.0002481083987555603,99.99979988055382,99.79994038591113,,,,,,,50000,-0.4631690465383257,-14.402216299886138,5.4e-10,27
LL1M1,1.526666666666666,0.2926978082405198,31.5585779535737,-2.54823033843059,-91.33497747902504,0.0,-0.0003082986645252776,99.99971646931589,99.76186966502024,,,,,,,50000,-0.7604136699053319,-16.62745892564485,5.4e-10,7
LL1M1,1.573333333333333,0.5862868310010741,40.65891060542319,-3.742963006438432,-103.6721507748927,0.0,-0.0003684889302949949,99.99961856415622,99.72379894412936,,,,,,,50000,-1.057658293272338,-18.852701551403563,5.4e-10,7
LL1M1,1.62,0.9913842361090272,50.91071276488699,-4.937695674446275,-116.0093240707603,0.0,-0.0004286791960647122,34.98857359837131,11.98572822323846,,,,,,,50000,-1.3549029166393438,-21.07794417716228,5.4e-10,7
MBH,1.62,0.9913842361090272,50.91071276488699,-4.937695674446275,-116.0093240707603,0.0,-0.0004286791960647122,34.98857359837131,11.98572822323846,,,,,,,10901,-1.362958059421193,-5.950513970843737,1.1773079999999999e-10,22
BM1,1.668782222222222,1.531514957613823,62.85821592067094,-6.127561450277666,-128.9057825283724,0.001064081027909428,-0.0004915854605691586,34.985433226332354,11.945931629651021,,,,,,,9335,-1.652747022052559,-5.623950913649506,1.0081799999999999e-10,0
BM1,1.717564444444444,2.185530378478737,76.06395278328854,-7.270783545680247,-141.8022390211384,0.004254658633453519,-0.000554415988729033,34.98166841981241,11.90613504140371,,,,,,,8176,-1.955610338937291,-5.328744287392933,8.830079999999999e-11,0
BM1,1.766346666666667,2.948451318101951,90.52791930569516,-8.358659848728047,-154.6986905802009,0.00956553460785422,-0.0006170951748972368,34.977323856644844,11.866338465592781,,,,,,,7220,-2.260560168836509,-5.019076781070396,7.797599999999999e-11,0
BM1,1.815128888888889,3.814469458392309,106.2501109401755,-9.3829096235522,-167.5951347554842,0.01698659234699859,-0.000679547708448342,34.972400433123624,11.82654190637656,,,,,,,6486,-2.5493655032771216,-4.750531358875713,7.00488e-11,0
BM1,1.863911111111111,4.776991556258471,123.2305222022114,-10.33573650069532,-180.4915691109475,0.02650369564314928,-0.000741698710461027,34.96689943750135,11.78674536655565,,,,,,,5865,-2.833537386745028,-4.518872334350529,6.3342e-11,0
BM1,1.912693333333333,5.828689652727681,141.4691466841179,-11.20988782863336,-193.3879912292214,0.03809871566063736,-0.0008034738763522674,34.96082254726142,11.746948847603619,,,,,,,5304,-3.072702013729505,-4.263027270217075,5.7283199999999994e-11,0
BM1,1.961475555555556,6.961556877258663,160.9659770713394,-11.99870988529777,-206.2843987162096,0.0517495655299367,-0.0008647996174158568,34.95417182562455,11.707152349710059,,,,,,,4910,-3.306396036779959,-4.068930546262371,5.3028e-11,0
BM1,2.010257777777778,8.166968422018781,181.7210051613667,-12.69619852920355,-219.1807892056452,0.06743024249364195,-0.0009256032009951844,34.94694971729549,11.66735587183552,,,,,,,4554,-3.5749949443253652,-3.8600722402657492,4.91832e-11,0
BM1,2.05904,9.435747221502432,203.73422188523,-13.29704490452921,-232.0771603635953,0.08511087752336699,-0.000985812889022819,34.93915904345853,11.62755941177792,,,,,,,4210,-3.831997369179815,-3.639985525838203,4.5467999999999995e-11,0
BM1,2.107822222222222,10.75823383701972,227.0056173315138,-13.79667585217222,-244.9735098929025,0.1047577923122362,-0.001045358074662582,34.93080299603111,11.58776296624961,,,,,,,3920,-4.022339674394247,-3.442417560894861,4.2336e-11,0
BM1,2.156604444444444,12.1243600135556,251.535180772838,-14.19128871913221,-257.8698355375578,0.1263335635334833,-0.001104169416793436,34.921885131186365,11.54796653096468,,,,,,,3647,-4.15721807901977,-3.339520591868551,3.9387599999999997e-11,0
BM1,2.205386666666666,13.52372534853365,277.3229006947374,-14.47788030124478,-270.7661350869938,0.149797094241732,-0.001162178972078665,34.91240936215733,11.50817010073535,,,,,,,3431,-4.308713646295886,-3.2197092832809022,3.7054799999999996e-11,0
BM1,2.254168888888888,14.94567648832872,304.3687648268702,-14.65426969897708,-283.662406380292,0.1751036922798344,-0.001219320324368447,34.90237995133576,11.46837366957696,,,,,,,3227,-4.377492250044994,-3.002301172810258,3.48516e-11,0
BM1,2.30295111111111,16.37938824913973,332.6727601764778,-14.71911491236154,-296.5586473102955,0.2022051555407171,-0.00127552871118905,34.89180150168158,11.42857723082041,,,,,,,3025,-4.386069371707487,-2.839219498806738,3.2669999999999995e-11,0
BM1,2.351733333333332,17.81394604420276,362.2348730640117,-14.67192304883173,-309.454855827619,0.2310498639205507,-0.001330741147077465,34.88067894745835,11.38878077723111,,,,,,,2836,-4.545799355415193,-2.712249776736481,3.06288e-11,0
BM1,2.400515555555554,19.23842898940874,393.0550891608418,-14.51305406637242,-322.3510299445487,0.2615828777867527,-0.001384896543526358,34.86901754431302,11.34898430113342,,,,,,,2673,-4.545088412991606,-2.630843310489364,2.88684e-11,0
BM1,2.449297777777776,20.64199305426147,425.1333935289479,-14.24371802363181,-335.2471677388248,0.2937460427718698,-0.001437935825310702,34.85682285871857,11.30918779453958,,,,,,,2512,-4.381689558838849,-2.478981634795928,2.71296e-11,0
BM1,2.498079999999999,22.01395362481183,458.4697706995395,-13.86596585809405,-348.114165932826,0.3274794843545765,-0.001489802042974423,24.94545030672182,23.969374483054,,,,,,,2373,-4.2868945574037385,-2.445932446713487,2.56284e-11,0
ML,2.498079999999999,22.01395362481183,458.4697706995395,-13.86596585809405,-348.114165932826,0.3274794843545765,-0.001489802042974423,24.94545030672182,23.969374483054,,,,,,,2233,-3.230085978782687,-2.5096646300729293,2.41164e-11,24
LM1L2,2.548913333333332,23.44634586300497,494.5443976139858,-14.31224210636112,-361.5506258267727,0.3634272943294073,-0.001522222010152259,24.94009714933184,23.92790285061283,,,,,,,2155,-2.8504515594271767,-2.6598823776337692,2.3274e-11,16
LM1L2,2.599746666666665,24.92410951977193,531.98506461765,-14.7585183546282,-374.9870857207194,0.3993751043042381,-0.001554641977330095,24.93467502269002,23.88643069752115,,,,,,,2079,-2.537062199379758,-2.790381311777894,2.24532e-11,16
LM1L2,2.650579999999998,26.44724459511271,570.7917717105321,-15.20479460289527,-388.4235456146661,0.4353229142790689,-0.001587061944507932,24.92918391176438,23.84495802377858,,,,,,,1998,-2.2985244900658937,-2.871004239346853,2.15784e-11,16
LM1L2,2.701413333333332,28.0157510890273,610.9645188926321,-15.65107085116234,-401.8600055086127,0.4712707242538998,-0.001619481911685768,24.92362380094677,23.80348482938475,,,,,,,1927,-2.102679689160589,-2.945960345880253,2.08116e-11,16
LM1L2,2.752246666666665,29.62962900151572,652.50330616395,-16.09734709942942,-415.2964654025594,0.5072185342287305,-0.001651901878863604,24.91799467405223,23.76201111433926,,,,,,,1856,-1.844631120519855,-3.066870985141934,2.0044799999999998e-11,16
LM1L2,2.803079999999998,31.28887833257795,695.4081335244858,-16.54362334769649,-428.7329252965061,0.5431663442035614,-0.00168432184604144,24.9122965143183,23.72053687864164,,,,,,,1776,-1.7669535668249778,-3.172243702250967,1.91808e-11,16
Q1L2,2.848079999999998,31.50528249441236,764.1332128778593,11.79973918837803,-1119.053130676471,0.5638114541883456,-0.001773770313215466,24.906927677177162,23.6575804053984,,,,,,,1742,-1.6541079144860928,-3.288296086315856,1.8813599999999998e-11,29
Q1L2,2.893079999999998,29.22180929024297,902.3205182071052,38.25721105538274,-1993.120566516781,0.5616968690221051,-0.00199003232901283,24.90056968992944,23.54008000087264,,,,,,,1728,-1.52097288762183,-3.5913533963987563,1.86624e-11,29
Q1L2,2.938079999999998,24.80341431273709,1132.660245306304,58.60023274665451,-3194.456095382865,0.5369079503163903,-0.002346687080538032,24.89212675979367,23.36326070774139,,,,,,,1719,-1.269551350483553,-3.969783823953684,1.85652e-11,29
Q1L2,2.983079999999998,18.95626654811691,1492.973911098323,69.57748538337938,-4920.317622401458,0.4904453672527204,-0.0028654377476129,24.879687860720452,23.11993601736083,,,,,,,1709,-0.9517699181462372,-4.552113688858492,1.84572e-11,29
LL2M2,3.033913333333331,12.54259747189885,2035.107865230862,56.59305382091024,-5744.612622828806,0.4263457659025016,-0.003553702373910285,24.860353267150142,22.80405612382361,,,,,,,1614,-0.5641084819069389,-4.828881345947562,1.74312e-11,8
LL2M2,3.084746666666665,7.449012271198495,2661.045144406848,43.60862225844109,-6568.907623256154,0.3622461645522828,-0.00424196700020767,24.83698035384194,22.48817453875238,,,,,,,1433,-0.1654026624174705,-4.257649919073711,1.54764e-11,8
LL2M2,3.135579999999998,3.675510946015831,3370.78574862628,30.62419069597195,-7393.202623683502,0.298146563202064,-0.004930231626505055,24.80955454950507,22.17229126214923,,,,,,,1291,0.3355689449272347,-3.9020055153630997,1.39428e-11,8
LL2M2,3.186413333333331,1.222093496350865,4164.32967788916,17.6397591335028,-8217.497624110849,0.2340469618518451,-0.005618496252802441,24.778059220986663,21.856406294015922,,,,,,,1178,0.8253368952088616,-3.7244655427318087,1.27224e-11,8
LL2M2,3.237246666666664,0.08875992220359474,5041.676932195486,4.655327571033657,-9041.792624538197,0.1699473605016263,-0.006306760879099827,24.74247563185488,21.54051963435388,,,,,,,1069,1.281584497342702,-3.455754075919913,1.15452e-11,8
LL2M2,3.288079999999998,0.2755102235740213,6002.82751154526,-8.329103991435492,-9866.087624965545,0.1058477591514076,-0.006995025505397212,33.30000102409241,8.524632936295548,,,,,,,986,1.7820871938654501,-2.907784806177732,1.0648799999999999e-11,8
MBH,3.288079999999998,0.2755102235740213,6002.82751154526,-8.329103991435492,-9866.087624965545,0.1058477591514076,-0.006995025505397212,33.30000102409241,8.524632936295548,,,,,,,499,1.866984659174556,-0.3937318294676143,5.389200000000001e-12,22
BM2,3.33686222222222,1.694039914644152,7003.916062710675,-20.73123448553147,-10656.32039704387,0.04529481299577105,-0.0074273254796454,33.01769652097868,8.221510762638498,,,,,,,464,2.294952779141251,-0.3191544452481848,5.0112e-12,1
BM2,3.385644444444442,4.315690358996876,8082.182503923314,-32.97561989004586,-11447.24901112098,-0.01319326964346513,-0.007875778435625192,32.69526247455812,7.918384237436241,,,,,,,443,2.663484170720233,-0.386164823097982,4.7844e-12,1
BM2,3.434426666666664,8.120531148510397,9237.622849589994,-44.96901677378035,-12238.18227578181,-0.069528451395311,-0.008339803988963763,32.346607282315944,7.615255482113915,,,,,,,420,3.120104947806947,-0.2876380877597269,4.536e-12,1
BM2,3.483208888888886,13.07963398846292,10470.23863026188,-56.62016111004278,-13029.12029631173,-0.1236034910047773,-0.00881880379415848,31.97090721998401,7.312124428018341,,,,,,,390,3.6511215814923044,-0.2693938675338317,4.212e-12,1
BM2,3.531991111111108,19.15528771459374,11780.03140217545,-67.84039184371294,-13820.06316894397,-0.1753154434946144,-0.009312151000205809,31.567232451153142,7.008991012848219,,,,,,,361,3.91578934560148,-0.130732827474456,3.8988e-12,1
BM2,3.58077333333333,26.30128475226266,13167.00274250755,-78.5443255597529,-14611.01098067623,-0.2245658562737563,-0.0098191914422095,31.13453241353202,6.705855180984573,,,,,,,338,4.1110165980305835,-0.340057126878549,3.6504e-12,1
BM2,3.629555555555552,34.46327223020845,14631.15424455648,-88.6505062397622,-15401.96380910481,-0.271260956735957,-0.01033924488502231,30.67161813358879,6.402716883791866,,,,,,,321,4.415175331607772,-0.026368198115945898,3.4668e-12,1
BM2,3.678337777777774,43.57916508590962,16172.48751286156,-98.08202516187508,-16192.92172227664,-0.3153118309899535,-0.01087160631656513,30.17714067576197,6.0995760798876795,,,,,,,301,5.084991878479887,-0.03324969625730719,3.2508e-12,1
BM2,3.727119999999996,53.57961802766521,17791.00415827403,-106.7671062259825,-16983.88477855949,-0.3566345933790713,-0.01141554728837254,29.64956467272726,5.796432735379139,,,,,,,286,5.417138604375524,-0.4173133879497385,3.0888e-12,1
BM2,3.775902222222218,64.38855277033288,19486.70579299239,-114.6396522488608,-17774.85302653054,-0.3951505464654391,-0.01197031730082348,29.08713552064072,5.493286824064383,,,,,,,267,5.701217061076826,-0.2841842419021931,2.8836e-12,1
BM2,3.82468444444444,75.92373654060378,21259.59402557486,-121.6397480703169,-18565.82650488365,-0.4307863311718568,-0.01253514523042971,28.487838308926218,5.190138327597713,,,,,,,245,5.676948860175651,-0.3126862313081551,2.646e-12,1
BM2,3.873466666666662,88.09740745696845,23109.67045594252,-127.714116639662,-19356.80524235539,-0.4634740667928524,-0.01310924079647459,27.84934581154873,4.886987235617161,,,,,,,229,5.676597252416843,-0.2336355605270628,2.4732e-12,1
BM2,3.922248888888884,100.8169420321201,25036.93667038603,-132.8165246092211,-20147.78925766999,-0.4931514806055124,-0.01369179606421854,27.168951773481517,4.583833545833589,,,,,,,205,5.158221935944116,-0.2713392957520033,2.214e-12,1
BM2,3.971031111111107,113.9855597241813,27041.39423658926,-136.9081343454511,-20938.77855950341,-0.519762026830267,-0.01428198698181755,26.443484081603508,4.2806772640805715,,,,,,,194,4.881634834891598,-0.3036640200377138,2.0951999999999998e-12,1
BM2,4.019813333333329,127.5030591802883,29123.04469868302,-139.9577996756704,-21729.77314646648,-0.5432549947118922,-0.01487897494803576,25.66918987513904,3.977518404324658,,,,,,,183,5.23444125962567,-0.2213068769833027,1.9764e-12,1
BM2,4.068595555555551,141.2665805738922,31281.88957234198,-141.9423031162961,-22520.77300710721,-0.5635856055115539,-0.01548190840777397,24.84158063790334,3.674356988635793,,,,,,,177,4.987307279740323,-0.1353704303753249,1.9116e-12,1
BM2,4.117377777777773,155.1713882374941,33517.93033993788,-142.8465327735957,-23311.77811993228,-0.5807150982216821,-0.01608992447238173,23.95521876039492,3.371193047118016,,,,,,,167,5.0744451973882265,-0.145914901891244,1.8036e-12,1
BM2,4.166159999999995,169.1116676369699,35831.16847055489,-142.6635975668956,-24107.62652166032,-0.5944742173008439,-0.01670215056167274,23.14646719354059,15.76795486631629,,,,,,,159,5.155781860574607,-0.2709407264751109,1.7172e-12,1
ML,4.166159999999995,169.1116676369699,35831.16847055489,-142.6635975668956,-24107.62652166032,-0.5944742173008439,-0.01670215056167274,23.14646719354059,15.76795486631629,,,,,,,142,2.643709517361939,-0.3848853384577309,1.5336e-12,24
LM2L3,4.211159999999995,182.1951158887449,38033.70013737345,-148.079696916995,-24837.52162986327,-0.6057875785036569,-0.01721333158193621,23.0266191825518,15.488251877538069,,,,,,,140,2.552142444206843,-0.45164705621170703,1.512e-12,17
LM2L3,4.256159999999995,195.766013082029,40301.92236393028,-153.4957962670943,-25567.41673806622,-0.61710093970647,-0.01772451260219968,22.902815046247838,15.20854706305436,,,,,,,133,2.355290109428497,-0.33720161846200203,1.4364e-12,17
LM2L3,4.301159999999995,209.8243592168219,42635.83515022538,-158.9118956171937,-26297.31184626917,-0.628414300909283,-0.01823569362246315,22.77499407386107,14.92884042285945,,,,,,,130,2.817277240295415,-0.4536189216300227,1.404e-12,17
LM2L3,4.346159999999995,224.3701542931238,45035.43849625874,-164.3279949672931,-27027.20695447212,-0.639727662112096,-0.01874687464272662,22.643092156904622,14.64913195694721,,,,,,,126,2.7337835014218688,-0.443200737989004,1.3608e-12,17
LM2L3,4.391159999999995,239.4033983109347,47500.73240203037,-169.7440943173924,-27757.10206267507,-0.651041023314909,-0.01925805566299009,22.507041583514248,14.36942166531112,,,,,,,125,2.767187765452531,-0.5384774635983226,1.35e-12,17
Q1L3,4.436159999999995,244.9460201628237,52050.05223099852,48.24201329739279,-74700.01929229147,-0.6491387821281065,-0.02038260253214959,22.260022394167162,13.871828257735931,,,,,,,125,2.906668500640053,-0.5633516566139971,1.35e-12,30
Q1L3,4.481159999999995,230.9524003155578,61312.72997739329,258.5178519577334,-133908.5933383948,-0.6210343673317048,-0.02278916078377265,21.75637451969385,12.92203558685437,,,,,,,125,2.9327643441878433,-0.611636261033242,1.35e-12,30
Q1L3,4.526159999999995,199.6590659224203,76809.68661975466,427.4761329151671,-215104.8036157613,-0.5678619353425788,-0.02661425095510349,20.892281587824908,11.48145004968563,,,,,,,125,2.844763819418771,-0.6853402282105472,1.35e-12,30
Q1L3,4.571159999999995,156.0674671336168,101085.5045246738,528.1131368134612,-331620.9739911972,-0.4917675110639333,-0.03207204998069808,19.46710029462911,9.491533519794467,,,,,,,125,2.646572516107758,-0.7875303535045408,1.35e-12,30
LL3L4,4.622097499999994,106.9027413718261,137692.1278225177,437.0839333566645,-387036.6613038977,-0.3937375602871291,-0.03927917857558368,17.10005607164832,6.8999152335315515,,,,,,,125,2.362614060235203,-0.9208097985796897,1.35e-12,9
LL3L4,4.673034999999994,67.01161571219647,179944.2242653429,346.0547298998677,-442452.3486165982,-0.295707609510325,-0.04648630717046929,13.882074494194631,4.308296391116865,,,,,,,120,2.07154258517481,-0.06646757564945671,1.296e-12,9
LL3L4,4.723972499999994,36.39409015472804,227841.7938531495,255.025526443071,-497868.0359292987,-0.1976776587335208,-0.0536934357653549,8.952661289497183,1.7166769925489431,,,,,,,111,1.6363431905726011,0.1721930840365051,1.1988e-12,9
LL3L4,4.774909999999994,15.05016469942077,281384.8365859375,163.9963229862742,-553283.7232419992,-0.09964770795671668,-0.0609005643602405,0.0,0.0,,,,,,,100,1.2945331414126091,-1.084335694490153,1.08e-12,9
LL3L4,4.825847499999994,2.97983934627467,340573.3524637068,72.9671195294775,-608699.4105546996,-0.001617757179912555,-0.06810769295512611,0.0,0.0,,,,,,,92,0.9334668537020332,-1.314627350550699,9.936000000000001e-13,9
LL3L4,4.876784999999994,0.1831140952897323,405407.3414864575,-18.06208392731921,-664115.0978674,0.09641219359689158,-0.07531482155001172,0.0,0.0,,,,,,,77,0.7630922309141182,-1.3327782104850119,8.316e-13,9
LL3L4,4.927722499999994,6.659988946465964,475886.8036541895,-109.091287384116,-719530.7851801005,0.1944421443736957,-0.08252195014489733,0.0,0.0,,,,,,,71,0.6865554982766685,-1.538834665162668,7.668e-13,9
LL3L4,4.978659999999993,22.41046389980337,552011.7389669028,-200.1204908409128,-774946.4724928009,0.2924720951504999,-0.08972907873978293,0.0,0.0,,,,,,,63,0.5385540385078071,-1.046046100822726,6.804e-13,9
LL3L4,5.029597499999993,47.43453895530195,633782.1474245976,-291.1496942977096,-830362.1598055013,0.390502045927304,-0.09693620733466854,0.0,0.0,,,,,,,56,0.6367908679327484,0.9916500177218894,6.048e-13,9
LL3L4,5.080534999999993,81.7322141129617,721198.0290272738,-382.1788977545064,-885777.8471182018,0.4885319967041082,-0.1041433359295541,0.0,0.0,,,,,,,51,0.4268334088373018,-0.2642567476841625,5.508e-13,9
LL3L4,5.131472499999993,125.3034893727826,814259.3837749312,-473.2081012113031,-941193.5344309022,0.5865619474809123,-0.1113504645244398,0.0,0.0,,,,,,,48,0.2629333621949595,1.156804449748953,5.184e-13,9
LL3L4,5.182409999999993,178.1483647347647,912966.21166757,-564.2373046680999,-996609.2217436028,0.6845918982577164,-0.1185575931193254,0.0,0.0,,,,,,,45,-0.0804730683558461,1.585509377196033,4.86e-13,9
LL3L4,5.233347499999993,240.266840198908,1017318.51270519,-655.2665081248966,-1052024.909056303,0.7826218490345205,-0.125764721714211,0.0,0.0,,,,,,,43,-0.2722275733209993,1.731147829571815,4.644e-13,9
LL3L4,5.284284999999993,311.6589157652124,1127316.286887792,-746.2957115816934,-1107440.596369004,0.8806517998113246,-0.1329718503090966,0.0,0.0,,,,,,,41,-0.2994207752164429,2.127389418151748,4.4280000000000004e-13,9
LL3L4,5.335222499999992,392.324591433678,1242959.534215375,-837.3249150384901,-1162856.283681704,0.9786817505881288,-0.1401789789039822,0.0,0.0,,,,,,,36,-2.3102451012462684,0.6914687299415847,3.888e-13,9
LL3L4,5.386159999999992,482.2638672043047,1364248.254687939,-928.3541184952868,-1218271.970994405,1.076711701364933,-0.1473861074988678,0.0,0.0,,,,,,,27,-3.349659306615166,3.780595450779967,2.916e-13,9
W2,5.386159999999992,482.2638672043047,1364248.254687939,-928.3541184952868,-1218271.970994405,1.076711701364933,-0.1473861074988678,0.0,0.0,,,,,,,27,-3.349659306615166,3.780595450779967,2.916e-13,36
Q1L4,5.431159999999992,577.7774090479575,1454063.817446404,-1205.051816404152,-767374.8354707961,1.171835756446304,-0.1521601991815359,0.0,0.0,,,,,,,24,-3.792967196085906,2.780848542085343,2.592e-13,31
Q1L4,5.476159999999992,701.4066555784825,1500962.193728573,-1556.351050501423,-269456.7361747817,1.285023299590582,-0.1536910333688023,0.0,0.0,,,,,,,20,-1.42455382705258,5.431748961340846,2.1600000000000001e-13,31
Q1L4,5.521159999999992,860.8051629197264,1502069.681205133,-2003.999817154317,244972.349466168,1.418019265298877,-0.15194061617643,0.0,0.0,,,,,,,17,-2.8308202554979554,3.459054651726966,1.836e-13,31
Q1L4,5.566159999999992,1065.840866501453,1457318.418478879,-2575.710854695366,744390.7318144786,1.572873931635857,-0.1469355263922799,0.0,0.0,,,,,,,16,-5.079652099546902,4.031898436525855,1.728e-13,31
LL4L5,5.617097499999992,1344.391582348888,1382470.170880123,-2892.769456419918,725022.7179770584,1.761399201867348,-0.1394562445658648,0.0,0.0,,,,,,,15,-5.0776280957181985,2.92014977608429,1.6200000000000002e-13,10
LL4L5,5.668034999999992,1655.242643247011,1309595.039691054,-3209.828058144469,705654.7041396381,1.94992447209884,-0.1319769627394497,0.0,0.0,,,,,,,14,-4.255626150257522,2.7301724858931613,1.512e-13,10
LL4L5,5.718972499999992,1998.394049195823,1238693.024911672,-3526.886659869021,686286.6903022178,2.138449742330331,-0.1244976809130346,0.0,0.0,,,,,,,14,-4.743676894099291,2.658255247587515,1.512e-13,10
LL4L5,5.769909999999991,2373.845800195324,1169764.126541977,-3843.945261593572,666918.6764647977,2.326975012561823,-0.1170183990866195,0.0,0.0,,,,,,,13,-3.609316850621019,3.188156521681293,1.4040000000000001e-13,10
LL4L5,5.820847499999991,2781.597896245513,1102808.34458197,-4161.003863318124,647550.6626273775,2.515500282793314,-0.1095391172602044,0.0,0.0,,,,,,,12,-2.740131915635648,1.941541465799219,1.296e-13,10
LL4L5,5.871784999999991,3221.650337346391,1037825.679031649,-4478.062465042675,628182.6487899574,2.704025553024806,-0.1020598354337893,0.0,0.0,,,,,,,11,-5.446725673361628,1.072853097746007,1.188e-13,10
LL4L5,5.922722499999991,3694.003123497958,974816.1298910156,-4795.121066767227,608814.6349525371,2.892550823256298,-0.09458055360737416,0.0,0.0,,,,,,,11,-5.880390662797903,1.045786886906054,1.188e-13,10
LL4L5,5.973659999999991,4198.656254700214,913779.6971600696,-5112.179668491778,589446.6211151169,3.081076093487789,-0.08710127178095906,0.0,0.0,,,,,,,11,-6.314055652234178,1.018720676066101,1.188e-13,10
LL4L5,6.024597499999991,4735.609730953159,854716.3808388105,-5429.23827021633,570078.6072776967,3.269601363719281,-0.07962198995454395,0.0,0.0,,,,,,,10,-5.190861444439808,-0.09202322421726337,1.0800000000000001e-13,10
LL4L5,6.075534999999991,5304.863552256792,797626.1809272387,-5746.296871940881,550710.5934402765,3.458126633950773,-0.07214270812812884,0.0,0.0,,,,,,,10,-5.527440794100247,-0.08656025885773412,1.0800000000000001e-13,10
LL4L5,6.12647249999999,5906.417718611114,742509.0974253541,-6063.355473665432,531342.5796028562,3.646651904182264,-0.06466342630171373,0.0,0.0,,,,,,,10,-5.864020143760689,-0.08109729349820505,1.0800000000000001e-13,10
LL4L5,6.17740999999999,6540.272230016124,689365.1303331567,-6380.414075389984,511974.565765436,3.835177174413756,-0.05718414447529863,0.0,0.0,,,,,,,10,-6.2005994934211275,-0.07563432813867597,1.0800000000000001e-13,10
LL4L5,6.22834749999999,7206.427086471823,638194.2796506464,-6697.472677114535,492606.5519280158,4.023702444645248,-0.04970486264888352,0.0,0.0,,,,,,,9,-10.04681201423683,0.4753344830618107,9.72e-14,10
LL4L5,6.27928499999999,7904.882287978211,588996.5453778233,-7014.531278839087,473238.5380905956,4.21222771487674,-0.04222558082246841,0.0,0.0,,,,,,,8,-8.681381476249323,0.4492351865557798,8.64e-14,10
LL4L5,6.33022249999999,8635.637834535286,541771.9275146874,-7331.589880563638,453870.5242531754,4.400752985108231,-0.0347462989960533,0.0,0.0,,,,,,,7,-6.801010918456312,1.200391471549123,7.56e-14,10
LL4L5,6.38115999999999,9398.69372614305,496520.4260612388,-7648.648482288189,434502.5104157552,4.589278255339723,-0.0272670171696382,0.0,0.0,,,,,,,7,-7.12189122968075,1.156709010809962,7.56e-14,10
Q1L3,6.42615999999999,9705.535106773868,477513.2121708459,922.253053202968,-6433.1520498269,4.662095367923055,-0.02186044970550215,0.0,0.0,,,,,,,7,-7.26426465446617,1.140447881291511,7.56e-14,30
Q1L3,6.47115999999999,9237.134160711945,497709.9127756461,9345.75570132976,-448425.1306454316,4.546751654872527,-0.01871661185065,0.0,0.0,,,,,,,7,-7.122601335564265,1.168711765802679,7.56e-14,30
Q1L3,6.51615999999999,8068.35296409806,560426.8027680794,16275.57504076925,-964047.9973250604,4.247902394615765,-0.01773651406736865,0.0,0.0,,,,,,,7,-6.702375008209966,1.242603497910779,7.56e-14,30
Q1L3,6.561159999999989,6385.991709520312,675961.9229857865,20604.1542499723,-1637966.430750693,3.777609095543148,-0.01896611429764611,0.0,0.0,,,,,,,7,-6.019787081267546,1.365007332392004,7.56e-14,30
LL5M3,6.606159999999989,4666.236796973174,831416.2500454584,17612.62158440855,-1816574.170575353,3.227378042449127,-0.02135291092188053,0.0,0.0,,,,,,,7,-5.213988164474202,1.513093963562914,7.56e-14,11
LL5M3,6.651159999999989,3215.719824326774,1002945.27368935,14621.0889188448,-1995181.910400014,2.677146989355107,-0.02373970754611494,0.0,0.0,,,,,,,7,-4.408189247680856,1.661180594733824,7.56e-14,11
LL5M3,6.696159999999989,2034.440791581111,1190548.993917461,11629.55625328104,-2173789.650224674,2.126915936261086,-0.02612650417034936,0.0,0.0,,,,,,,7,-3.602390330887515,1.809267225904734,7.56e-14,11
LL5M3,6.741159999999989,1122.399698736186,1394227.410729791,8638.023587717293,-2352397.390049335,1.576684883167066,-0.02851330079458378,0.0,0.0,,,,,,,7,-2.7965914140941712,1.9573538570756428,7.56e-14,11
LL5M3,6.786159999999989,479.5965457919982,1613980.524126341,5646.49092215354,-2531005.129873995,1.026453830073045,-0.0309000974188182,0.0,0.0,,,,,,,7,-1.990792497300828,2.105440488246554,7.56e-14,11
MBH,6.786159999999989,479.5965457919982,1613980.524126341,5646.49092215354,-2531005.129873995,1.026453830073045,-0.0309000974188182,0.0,0.0,,,,,,,5,-1.9748557612018292,2.5011248442918133,5.4000000000000003e-14,22
BM3,6.834942222222211,86.64428631736843,1870145.948072311,2405.547749992201,-2722708.664877352,0.4299806361501817,-0.06963673661147819,0.0,0.0,,,,,,,5,-1.192475098035441,2.6939090939381014,5.4000000000000003e-14,2
BM3,6.883724444444433,11.02763542988943,2145618.782960793,-858.5499943438793,-2916350.400555456,-0.1721854945576764,-0.1058879967896863,0.0,0.0,,,,,,,5,-0.4222429146100315,2.886604544925262,5.4000000000000003e-14,2
BM3,6.932506666666655,254.2053076376373,2440018.569245484,-4115.989015570587,-3109997.123098067,-0.7763225390193603,-0.1395841876940141,0.0,0.0,,,,,,,4,-0.031220219713163133,0.7116089282590938,4.32e-14,2
BM3,6.981288888888877,814.3279965674662,2753342.9294754,-7341.97626595327,-3303646.529768563,-1.381264340140869,-0.1707189544551201,0.0,0.0,,,,,,,4,0.6140035845920557,0.7557550872661571,4.32e-14,2
BM3,7.030071111111099,1687.099972055456,3085588.576914078,-10511.95842740195,-3497296.312607157,-1.985843064181624,-0.1992908863620915,0.0,0.0,,,,,,,4,1.21355378067642,0.7999309911494763,4.32e-14,2
BM3,7.078853333333321,2865.812344556676,3436751.321269929,-13601.81033515395,-3690944.162885963,-2.5888915787431,-0.2253035201931041,0.0,0.0,,,,,,,4,1.766671490320213,0.8441334851173061,4.32e-14,2
BM3,7.127635555555544,4341.395337960063,3806826.07706947,-16588.02009539735,-3884587.775565947,-3.189245829342616,-0.2487653334720579,0.0,0.0,,,,,,,4,2.2726930460137518,0.888359381628266,4.32e-14,2
BM3,7.176417777777766,6102.489150162105,4195806.874655931,-19447.86945302286,-4078224.853746677,-3.785747208793329,-0.2696897276642212,0.0,0.0,,,,,,,4,2.7310484754724063,0.9326054642802196,4.32e-14,2
BM3,7.225199999999988,8135.532827816939,4603686.873788395,-22159.60800346719,-4271853.113099806,-4.377244913635781,-0.2880950013483869,0.0,0.0,,,,,,,4,3.1412597708309526,0.9768684916591024,4.32e-14,2
BM3,7.27398222222221,10424.8704337334,5030458.379809308,-24702.61989172737,-4465470.286277268,-4.962598281911434,-0.3040043134273936,0.0,0.0,,,,,,,4,3.502938964772701,1.021145201157321,4.32e-14,2
BM3,7.322764444444432,12952.87364375431,5476112.862341053,-27057.58170166725,-4659074.127285239,-5.540679106634553,-0.3174456364630143,0.0,0.0,,,,,,,4,3.815786036474944,1.0654323127717131,4.32e-14,2
BM3,7.371546666666654,15700.07977588919,5940640.976465146,-29206.61030919465,-4852662.415814948,-6.110373919404813,-0.3284517002450727,0.0,0.0,,,,,,,3,0.7273631494523318,-2.4366817700478838,3.2400000000000006e-14,2
BM3,7.420328888888876,18645.34412916321,6424032.586330709,-31133.39955316273,-5046232.961521596,-6.670586238708969,-0.3370599257281247,0.0,0.0,,,,,,,3,0.6481104589244856,-2.533712754178501,3.2400000000000006e-14,2
BM3,7.469111111111098,21766.00539418705,6926276.791132061,-32823.34466725688,-5239783.608242691,-7.220238777584954,-0.3433123494920639,0.0,0.0,,,,,,,2,18.17019290573061,-4.707763277783149,2.16e-14,2
BM3,7.51789333333332,25038.06279284353,7447361.953388655,-34263.65351391313,-5433312.238147309,-7.758275605465311,-0.3472555389054867,0.0,0.0,,,,,,,2,19.09269185913792,-4.881202474349999,2.16e-14,2
BM3,7.566675555555542,28436.36351161403,7987275.72945423,-35443.44376664209,-5626816.775807927,-8.283664259178078,-0.3489404981925073,0.0,0.0,,,,,,,2,19.90247606200043,-5.054514188582311,2.16e-14,2
BM3,7.615457777777764,31934.79891270431,8546005.102175789,-36353.82529911637,-5820295.192186646,-8.795397798261094,-0.348422565624878,0.0,0.0,,,,,,,2,20.59822304128843,-5.227717815250647,2.16e-14,2
BM3,7.664239999999986,35506.50793992206,9123535.860038169,-36987.967157071,-5986388.353796343,-9.343118161442783,-0.3457613020816663,0.0,0.0,,,,,,,2,21.192490471005318,-5.400832920076794,2.16e-14,2
ML,7.664239999999986,35506.50793992206,9123535.860038169,-36987.967157071,-5986388.353796343,-9.343118161442783,-0.3457613020816663,0.0,0.0,,,,,,,2,21.192490471005318,-5.400832920076794,2.16e-14,24
LM3L6,7.715073333333319,39366.51705740255,9742301.956216505,-38946.63843270902,-6186059.439875819,-9.854444686695167,-0.3154964773469959,0.0,0.0,,,,,,,2,21.7481648893004,-5.582399549877141,2.16e-14,18
LM3L6,7.765906666666653,43425.6577545729,10381367.94614625,-40905.30970834704,-6385730.525955294,-10.36577121194755,-0.2852316526123256,0.0,0.0,,,,,,,1,19.88402253207958,-7.042619534783384,1.08e-14,18
LM3L6,7.816739999999986,47683.93003143312,11040733.82982741,-42863.98098398506,-6585401.61203477,-10.87709773719994,-0.2549668278776552,0.0,0.0,,,,,,,1,20.02969093503783,-7.266305177581525,1.08e-14,18
LM3L6,7.867573333333319,52141.3338879832,11720399.60725999,-44822.65225962309,-6785072.698114245,-11.38842426245232,-0.2247020031429849,0.0,0.0,,,,,,,1,20.17535933799609,-7.489990820379665,1.08e-14,18
LM3L6,7.918406666666653,56797.86932422315,12420365.27844398,-46781.32353526111,-6984743.784193721,-11.8997507877047,-0.1944371784083145,0.0,0.0,,,,,,,1,20.32102774095435,-7.713676463177806,1.08e-14,18
LM3L6,7.969239999999986,61653.53634015297,13140630.84337938,-48739.99481089913,-7184414.870273196,-12.41107731295709,-0.1641723536736442,0.0,0.0,,,,,,,1,20.46669614391261,-7.9373621059759465,1.08e-14,18
Q1L2,8.014239999999987,63536.19077020074,14352309.43841492,7469.556883699349,-20104302.01972612,-12.60999001140695,-0.1441694951616555,0.0,0.0,,,,,,,1,20.207654245815302,-8.287738006184785,1.08e-14,29
Q1L2,8.059239999999987,60345.02523259709,16857906.60022079,62485.28832480195,-36325292.3207603,-12.29950249277635,-0.1375602226979241,0.0,0.0,,,,,,,1,19.1840420914598,-8.953658116852797,1.08e-14,29
Q1L2,8.104239999999987,52590.06704360266,21068838.48635942,107514.3225750085,-58510853.62975661,-11.49216600599123,-0.1447072339625598,0.0,0.0,,,,,,,1,17.4345883208722,-9.960476585091161,1.08e-14,29
Q1L2,8.149239999999986,41510.75065631585,27676535.24480547,135359.9043354111,-90303829.46771207,-10.22060242794539,-0.1668640905085505,0.0,0.0,,,,,,,1,15.02548429801015,-11.34652679942034,1.08e-14,29
LL6M4,8.20007333333332,28889.71652663784,37618798.13586671,112922.7342812054,-105281670.0285747,-8.539687341751202,-0.2011128792153263,0.0,0.0,,,,,,,1,11.96365438826833,-13.14485206059262,1.08e-14,12
LL6M4,8.250906666666653,18549.79468580409,49083808.15061565,90485.5642269996,-120259510.5894374,-6.858772255557014,-0.235361667922102,0.0,0.0,,,,,,,1,8.901824478526501,-14.9431773217649,1.08e-14,12
LL6M4,8.301739999999986,10490.98513381459,62071565.28905231,68048.39417279382,-135237351.1503001,-5.177857169362825,-0.2696104566288778,0.0,0.0,,,,,,,1,5.839994568784678,-16.74150258293719,1.08e-14,12
LL6M4,8.35257333333332,4713.287870669344,76582069.55117668,45611.22411858806,-150215191.7111627,-3.496942083168637,-0.3038592453356536,0.0,0.0,,,,,,,1,2.7781646590428544,-18.53982784410947,1.08e-14,12
LL6M4,8.403406666666653,1216.702896368352,92615320.93698876,23174.05406438228,-165193032.2720254,-1.816026996974448,-0.3381080340424293,0.0,0.0,,,,,,,1,-0.28366525069897,-20.33815310528175,1.08e-14,12
LL6M4,8.454239999999986,1.230210911613085,110171319.4464885,736.8840101765163,-180170872.8328881,-0.135111910780259,-0.3723568227492051,0.0,0.0,,,,,,,1,-3.345495160440794,-22.136478366454032,1.08e-14,12
MBH,8.454239999999986,1.230210911613085,110171319.4464885,736.8840101765163,-180170872.8328881,-0.135111910780259,-0.3723568227492051,0.0,0.0,,,,,,,0,0.0,0.0,0.0,22
BM4,8.503022222222208,983.489893374304,128169248.2950808,-20788.33461988709,-191024449.4393476,1.649635297781187,0.3093903641172244,0.0,0.0,,,,,,,0,0.0,0.0,0.0,3
BM4,8.55180444444443,4507.684405278416,149641132.6605661,-44359.17591591322,-206406103.5502874,3.43786764758221,1.003613382929808,0.0,0.0,,,,,,,0,0.0,0.0,0.0,3
BM4,8.600586666666652,10549.1557968357,172768089.4918202,-67551.34160880737,-221783280.1144225,5.240895002561607,1.633089530891776,0.0,0.0,,,,,,,0,0.0,0.0,0.0,3
BM4,8.649368888888874,19026.12442317078,197526929.2468872,-90190.41372744966,-237142928.4599983,7.051844133552861,2.196660715792465,0.0,0.0,,,,,,,0,0.0,0.0,0.0,3
BM4,8.698151111111097,29820.19658718076,223888925.3022889,-112108.0809442263,-252472049.0464522,8.863819468273821,2.693418191565188,0.0,0.0,,,,,,,0,0.0,0.0,0.0,3
BM4,8.746933333333319,42778.71146433619,251819956.1820693,-133144.2494616784,-267757742.7732945,10.66995838340728,3.122705759295357,0.0,0.0,,,,,,,0,0.0,0.0,0.0,3
BM4,8.79571555555554,57717.79843718511,281280689.6549674,-153149.004101477,-282987259.5650443,12.4634858501229,3.484120945776312,0.0,0.0,,,,,,,0,0.0,0.0,0.0,3
BM4,8.844497777777763,74426.05862418957,312226806.6886883,-171984.3823507539,-298148045.8468431,14.23776768784878,3.777514164170932,0.0,0.0,,,,,,,0,0.0,0.0,0.0,3
BM4,8.893279999999985,92668.7672237812,344609262.724292,-189525.9291650172,-313227790.5398217,15.98636171241499,4.002985888817658,0.0,0.0,,,,,,,0,0.0,0.0,0.0,3
BM4,8.942062222222207,112192.4800249738,378374583.2546978,-205664.0061978177,-328214469.2247101,17.70306611050535,4.160881902815046,0.0,0.0,,,,,,,0,0.0,0.0,0.0,3
BM4,8.990844444444429,132729.9184926475,413465190.2685634,-220304.8356107289,-343096386.1461577,19.38196443129265,4.251786702189322,0.0,0.0,,,,,,,0,0.0,0.0,0.0,3
BM4,9.039626666666653,154005.0034444788,449819755.7621535,-233371.2654808233,-357862213.758302,21.01746665646328,4.2765151637001,0.0,0.0,,,,,,,0,0.0,0.0,0.0,3
BM4,9.088408888888871,175737.907512111,487373578.2333652,-244803.2508272614,-372501029.5437234,22.60434588953237,4.236102604233928,0.0,0.0,,,,,,,0,0.0,0.0,0.0,3
BM4,9.137191111111097,197650.0011325933,526058977.8580606,-254558.051187993,-387002349.8724432,24.13777029217191,4.131793377907549,0.0,0.0,,,,,,,0,0.0,0.0,0.0,3
BM4,9.185973333333315,219468.5753733588,565805705.9115567,-262610.1522697334,-401356160.7044001,25.61332998684639,3.965028172164685,0.0,0.0,,,,,,,0,0.0,0.0,0.0,3
BM4,9.23475555555554,240931.2369240423,606541363.9379228,-268950.9252697687,-415552944.9771931,27.02705873895845,3.737430176097661,0.0,0.0,,,,,,,0,0.0,0.0,0.0,3
BM4,9.28353777777776,261789.8854383746,648191828.1850985,-273588.042857254,-429583706.5601106,28.375450325565,3.450790302841074,0.0,0.0,,,,,,,0,0.0,0.0,0.0,3
BM4,9.332319999999983,281814.2003442259,690701570.2200227,-276544.6753704409,-267318458.4718959,34.42231171120201,3.107051653137267,0.0,0.0,,,,,,,0,0.0,0.0,0.0,3
ML,9.332319999999983,281814.2003442259,690701570.2200227,-276544.6753704409,-267318458.4718959,34.42231171120201,3.107051653137267,0.0,0.0,,,,,,,0,0.0,0.0,0.0,24
LM4L7,9.380319999999983,308987.7341454825,716602511.3172866,-289570.6121557405,-272284481.054438,36.03682393248192,1.951583286389659,0.0,0.0,,,,,,,0,0.0,0.0,0.0,19
LM4L7,9.428319999999983,337411.757878128,742980190.5824746,-302596.5489410401,-277250503.6369801,37.65133615376183,0.7961149196420503,0.0,0.0,,,,,,,0,0.0,0.0,0.0,19
LM4L7,9.476319999999983,367086.2715421622,769834608.0155866,-315622.4857263397,-282216526.2195222,39.26584837504174,-0.3593534471055582,0.0,0.0,,,,,,,0,0.0,0.0,0.0,19
LM4L7,9.524319999999983,398011.2751375852,797165763.6166227,-328648.4225116394,-287182548.8020644,40.88036059632165,-1.514821813853167,0.0,0.0,,,,,,,0,0.0,0.0,0.0,19
LM4L7,9.572319999999984,430186.768664397,824973657.3855828,-341674.359296939,-292148571.3846065,42.49487281760156,-2.670290180600775,0.0,0.0,,,,,,,0,0.0,0.0,0.0,19
Q1L7,9.617319999999983,443467.4186255671,886060000.3523695,50543.79858036967,-1083602329.799834,43.15719250562498,-3.843839067570709,0.0,0.0,,,,,,,0,0.0,0.0,0.0,32
Q1L7,9.662319999999983,421332.5457311985,1025331206.066931,434683.8051866784,-2052982338.15168,42.11029621717019,-5.232792950547432,0.0,0.0,,,,,,,0,0.0,0.0,0.0,32
Q1L7,9.707319999999983,367319.8510767233,1265655445.513654,749350.5701297532,-3359459673.233077,39.39499684553743,-6.898077639861969,0.0,0.0,,,,,,,0,0.0,0.0,0.0,32
Q1L7,9.752319999999983,290061.9014701025,1646493681.00103,944252.5482831546,-5217556403.210083,35.11818585442749,-8.914436184361787,0.0,0.0,,,,,,,0,0.0,0.0,0.0,32
LL7L8,9.79898666666665,208625.8716445075,2169472683.279726,800805.2336938829,-5989136502.761972,29.92659815562235,-11.21759543078956,0.0,0.0,,,,,,,0,0.0,0.0,0.0,13
LL7L8,9.845653333333315,140578.2578472444,2764465828.183265,657357.9191046113,-6760716602.313862,24.73501045681721,-13.52075467721734,0.0,0.0,,,,,,,0,0.0,0.0,0.0,13
LL7L8,9.892319999999984,85919.06007831334,3431473115.711647,513910.6045153396,-7532296701.865751,19.54342275801207,-15.82391392364511,0.0,0.0,,,,,,,0,0.0,0.0,0.0,13
Q1L4,9.937319999999984,46777.21810396323,4083186058.063174,360367.915149083,-6875804555.512207,14.67320001738812,-17.89478769627118,0.0,0.0,,,,,,,0,0.0,0.0,0.0,31
Q1L4,9.982319999999984,20384.9239595779,4656452462.709509,229134.6399483979,-5797996851.276797,10.02660304130656,-19.64260648583214,0.0,0.0,,,,,,,0,0.0,0.0,0.0,31
Q1L4,10.02731999999998,5108.30127577218,5116145377.867987,112086.4777042124,-4364916355.578075,5.533609989362793,-21.03724239536563,0.0,0.0,,,,,,,0,0.0,0.0,0.0,31
Q1L4,10.07231999999998,1.615184992178911,5434097077.792377,1977.2896259954,-2664375207.876998,1.126552081747446,-22.05478486939062,0.0,0.0,,,,,,,0,0.0,0.0,0.0,31
LDB,10.12588666666665,6735.347838269358,5723288932.804805,-127684.8064886683,-2734352639.274748,-4.094725289277324,-23.03406065689832,0.0,0.0,,,,,,,0,0.0,0.0,0.0,4
LDB,10.17945333333332,27360.21305529751,6019977703.300979,-257346.902603332,-2804330070.672497,-9.316002660302097,-24.01333644440601,0.0,0.0,,,,,,,0,0.0,0.0,0.0,4
LDB,10.23301999999998,61876.21083607664,6324163389.280898,-387008.9987179957,-2874307502.070247,-14.53728003132687,-24.9926122319137,0.0,0.0,,,,,,,0,0.0,0.0,0.0,4
LDB,10.28658666666665,110283.3411806067,6635845990.744563,-516671.0948326594,-2944284933.467996,-19.75855740235163,-25.97188801942139,0.0,0.0,,,,,,,0,0.0,0.0,0.0,4
LDB,10.34015333333332,172581.6040888878,6955025507.691974,-646333.1909473231,-3014262364.865746,-24.9798347733764,-26.95116380692908,0.0,0.0,,,,,,,0,0.0,0.0,0.0,4
LDB,10.39371999999998,248770.9995609198,7281701940.12313,-775995.2870619869,-3084239796.263495,-30.20111214440117,-27.93043959443678,0.0,0.0,,,,,,,0,0.0,0.0,0.0,4
MA,10.39371999999998,248770.9995609198,7281701940.12313,-775995.2870619869,-3084239796.263495,-30.20111214440117,-27.93043959443678,0.0,0.0,,,,,,,0,0.0,0.0,0.0,20
RFCAVITY_D,10.42869999999998,306021.4498123974,7499073822.127258,-860666.9827191657,-3129936325.563327,-33.61070080171948,-28.5699243871568,0.0,0.0,,,,,,,0,0.0,0.0,0.0,34
RFCAVITY_D,10.46367999999998,369195.5358273708,7719642647.288341,-945338.6829897874,-3175632857.352992,-37.02028964463111,-29.20940921485748,0.0,0.0,,,,,,,0,0.0,0.0,0.0,34
RFCAVITY_D,10.49865999999998,438293.2585796998,7943408416.256668,-1030010.38784554,-3221329391.617208,-40.42987867199594,-29.84889407732499,0.0,0.0,,,,,,,0,0.0,0.0,0.0,34
RFCAVITY_D,10.53363999999998,513314.6190472058,8170371129.684668,-1114682.09725811,-3267025928.340697,-43.83946788267389,-30.48837897434549,0.0,0.0,,,,,,,0,0.0,0.0,0.0,34
RFCAVITY_D,10.56861999999998,594259.6182116717,8400530788.226905,-1199353.811199185,-3312722467.508179,-47.24905727552487,-31.12786390570515,0.0,0.0,,,,,,,0,0.0,0.0,0.0,34
RFCAVITY_D,10.60359999999998,681128.2570588422,8633887392.540083,-1284025.529640453,-3358419009.104373,-50.65864684940876,-31.76734887119014,0.0,0.0,,,,,,,0,0.0,0.0,0.0,34
RFCAVITY_D,10.63857999999998,773920.5365784236,8870440943.283047,-1368697.252553602,-3404115553.113999,-54.06823660318548,-32.40683387058663,0.0,0.0,,,,,,,0,0.0,0.0,0.0,34
RFCAVITY_D,10.67355999999998,872636.4577640832,9110191441.116776,-1453368.979910319,-3449812099.521778,-57.47782653571491,-33.04631890368079,0.0,0.0,,,,,,,0,0.0,0.0,0.0,34
RFCAVITY_D,10.70853999999998,977276.0216134504,9353138886.704388,-1538040.71168229,-3495508648.312428,-60.88741664585697,-33.6858039702588,0.0,0.0,,,,,,,0,0.0,0.0,0.0,34
RFCAVITY_D,10.74351999999998,1087839.229128116,9599283280.711138,-1622712.447841204,-3541205199.470672,-64.29700693247156,-34.32528907010681,0.0,0.0,,,,,,,0,0.0,0.0,0.0,34
RFCAVITY_D,10.77849999999997,1204326.081313631,9848624623.80442,-1707384.188358749,-3586901752.981227,-67.70659739441857,-34.96477420301099,0.0,0.0,,,,,,,0,0.0,0.0,0.0,34
RFCAVITY_D,10.81347999999997,1326736.579179511,10101162916.65377,-1792055.933206611,-3632598308.828815,-71.1161880305579,-35.60425936875752,0.0,0.0,,,,,,,0,0.0,0.0,0.0,34
RFCAVITY_D,10.84845999999997,1455070.723739231,10356898159.93085,-1876727.682356478,-3678294866.998155,-74.52577883974945,-36.24374456713256,0.0,0.0,,,,,,,0,0.0,0.0,0.0,34
RFCAVITY_D,10.88343999999997,1589328.516010228,10615830354.30948,-1961399.435780038,-3723991427.473967,-77.93536982085313,-36.88322979792228,0.0,0.0,,,,,,,0,0.0,0.0,0.0,34
RFCAVITY_D,10.91841999999997,1729509.9570139,10877959500.46559,-2046071.193448977,-3769687990.240972,-81.34496097272881,-37.52271506091286,0.0,0.0,,,,,,,0,0.0,0.0,0.0,34
RFCAVITY_D,10.95339999999997,1875615.047775608,11143285599.07728,-2130742.955334983,-3815384555.283888,-84.75455229423643,-38.16220035589046,0.0,0.0,,,,,,,0,0.0,0.0,0.0,34
RFCAVITY_D,10.98837999999997,2027643.789324672,11411808650.82476,-2215414.721409745,-3861081122.587437,-88.16414378423586,-38.80168568264124,0.0,0.0,,,,,,,0,0.0,0.0,0.0,34
RFCAVITY_D,11.02335999999997,2185596.182694376,11683528656.3904,-2300086.491644947,-3906777692.136337,-91.573735441587,-39.44117104095137,0.0,0.0,,,,,,,0,0.0,0.0,0.0,34
RFCAVITY_D,11.05833999999997,2349472.228921966,11958445616.4587,-2384758.26601228,-3952474263.915309,-94.98332726514975,-40.08065643060704,0.0,0.0,,,,,,,0,0.0,0.0,0.0,34
RFCAVITY_D,11.09331999999997,2519271.929048645,12236559531.71628,-2469430.044483429,-3998170837.909073,-98.39291925378404,-40.72014185139439,0.0,0.0,,,,,,,0,0.0,0.0,0.0,34
RFCAVITY_D,11.12829999999997,2694995.284119583,12517870402.85193,-2554101.827030082,-4043867414.102349,-101.8025114063497,-41.3596273030996,0.0,0.0,,,,,,,0,0.0,0.0,0.0,34
RFCAVITY_D,11.16327999999996,2876642.295183909,12802378230.55655,-2638773.613623926,-4089563992.479856,-105.2121037217067,-41.99911278550884,0.0,0.0,,,,,,,0,0.0,0.0,0.0,34
RFCAVITY_D,11.19825999999996,3064212.963294714,13090083015.52321,-2723445.404236649,-4135260573.026316,-108.6216961987149,-42.63859829840828,0.0,0.0,,,,,,,0,0.0,0.0,0.0,34
RFCAVITY_D,11.23323999999996,3257707.289509051,13380984758.44707,-2808117.198839938,-4180957155.726447,-112.0312888362341,-43.27808384158409,0.0,0.0,,,,,,,0,0.0,0.0,0.0,34
RFCAVITY_D,11.26821999999996,3457125.274887932,13675083460.02548,-2892788.997405481,-4226653740.564969,-115.4408816331244,-43.91756941482243,0.0,0.0,,,,,,,0,0.0,0.0,0.0,34
RFCAVITY_D,11.30319999999996,3662466.920496334,13972379120.95789,-2977460.799904964,-4272350327.526602,-118.8504745882455,-44.55705501790947,0.0,0.0,,,,,,,0,0.0,0.0,0.0,34
RFCAVITY_D,11.33817999999996,3873732.227403194,14272871741.94591,-3062132.606310076,-4318046916.596066,-122.2600677004575,-45.19654065063138,0.0,0.0,,,,,,,0,0.0,0.0,0.0,34
RFCAVITY_D,11.37315999999996,4090921.19668141,14576561323.69328,-3146804.416592504,-4363743507.758082,-125.6696609686201,-45.83602631277432,0.0,0.0,,,,,,,0,0.0,0.0,0.0,34
RFCAVITY_D,11.40813999999996,4314033.829407841,14883447866.90588,-3231476.230723934,-4409440100.99737,-129.0792543915933,-46.47551200412448,0.0,0.0,,,,,,,0,0.0,0.0,0.0,34
RFCAVITY_D,11.44311999999996,4543070.126663312,15193531372.29172,-3316148.048676054,-4455136696.298648,-132.4888479682369,-47.114997724468,0.0,0.0,,,,,,,0,0.0,0.0,0.0,34
RFCAVITY_D,11.47809999999996,4778030.089532604,15506811840.56096,-3400819.870420551,-4500833293.646637,-135.8984416974109,-47.75448347359106,0.0,0.0,,,,,,,0,0.0,0.0,0.0,34
RFCAVITY_D,11.51307999999996,5018913.719104461,15823289272.42588,-3485491.695929113,-4546529893.026057,-139.3080355779752,-48.39396925127983,0.0,0.0,,,,,,,0,0.0,0.0,0.0,34
RFCAVITY_D,11.54805999999996,5265721.016471591,16142963668.60093,-3570163.525173426,-4592226494.421628,-142.7176296087896,-49.03345505732047,0.0,0.0,,,,,,,0,0.0,0.0,0.0,34
RFCAVITY_D,11.58303999999995,5518451.98273066,16465835029.80266,-3654835.358125179,-4637923097.818069,-146.127223788714,-49.67294089149916,0.0,0.0,,,,,,,0,0.0,0.0,0.0,34
RFCAVITY_D,11.61801999999995,5777106.618982298,16791903356.74979,-3739507.194756058,-4683619703.200101,-149.5368181166084,-50.31242675360206,0.0,0.0,,,,,,,0,0.0,0.0,0.0,34
RFCAVITY_D,11.65299999999995,6041684.926331096,17121168650.16316,-3824179.03503775,-4729316310.552443,-152.9464125913327,-50.95191264341534,0.0,0.0,,,,,,,0,0.0,0.0,0.0,34
RFCAVITY_D,11.68797999999995,6312186.905885607,17453630910.76575,-3908850.878941945,-4775012919.859815,-156.3560072117466,-51.59139856072517,0.0,0.0,,,,,,,0,0.0,0.0,0.0,34
RFCAVITY_D,11.72295999999995,6588612.558758345,17789290139.28269,-3993522.726440327,-4820709531.106936,-159.7656019767102,-52.23088450531771,0.0,0.0,,,,,,,0,0.0,0.0,0.0,34
RFCAVITY_D,11.75793999999995,6870961.886065784,18128146336.44122,-4078194.577504585,-4866406144.278528,-163.1751968850832,-52.87037047697913,0.0,0.0,,,,,,,0,0.0,0.0,0.0,34
RFCAVITY_D,11.79291999999995,7159234.888928362,18470199502.97075,-4162866.432106405,-4912102759.35931,-166.5847919357257,-53.5098564754956,0.0,0.0,,,,,,,0,0.0,0.0,0.0,34
RFCAVITY_D,11.82789999999995,7453431.568470478,18815449639.60281,-4247538.290217476,-4957799376.334002,-169.9943871274975,-54.14934250065328,0.0,0.0,,,,,,,0,0.0,0.0,0.0,34
RFCAVITY_D,11.86287999999995,7753551.925820492,19163896747.07107,-4332210.151809484,-5003495995.187323,-173.4039824592584,-54.78882855223834,0.0,0.0,,,,,,,0,0.0,0.0,0.0,34
RFCAVITY_D,11.89785999999995,8059595.962110725,19515540826.11135,-4416882.016854116,-5049192615.903994,-176.8135779298684,-55.42831463003695,0.0,0.0,,,,,,,0,0.0,0.0,0.0,34
ML,11.89785999999995,8059595.962110725,19515540826.11135,-4416882.016854116,-5049192615.903994,-176.8135779298684,-55.42831463003695,0.0,0.0,,,,,,,0,0.0,0.0,0.0,24
LDB,11.95142666666661,8539736.820367068,20060226118.66468,-4546544.086251209,-5119170032.882519,-182.0348542130119,-56.40759022481555,0.0,0.0,,,,,,,0,0.0,0.0,0.0,4
LDB,12.00499333333328,9033768.80832482,20612408325.15698,-4676206.155648303,-5189147449.861044,-187.2561304961554,-57.38686581959415,0.0,0.0,,,,,,,0,0.0,0.0,0.0,4
LDB,12.05855999999995,9541691.925983978,21172087445.58824,-4805868.225045397,-5259124866.839569,-192.4774067792988,-58.36614141437275,0.0,0.0,,,,,,,0,0.0,0.0,0.0,4
LDB,12.11212666666661,10063506.17334455,21739263479.95847,-4935530.294442491,-5329102283.818094,-197.6986830624423,-59.34541700915135,0.0,0.0,,,,,,,0,0.0,0.0,0.0,4
LDB,12.16569333333328,10599211.55040652,22313936428.26766,-5065192.363839584,-5399079700.796619,-202.9199593455857,-60.32469260392995,0.0,0.0,,,,,,,0,0.0,0.0,0.0,4
LDB,12.21925999999995,11148808.05716991,22896106290.51582,-5194854.433236678,-5469057117.775145,-208.1412356287292,-61.30396819870855,0.0,0.0,,,,,,,0,0.0,0.0,0.0,4
Q1L9,12.26425999999995,10560019.07002259,25580291755.51958,17863145.39094057,-56003634833.16417,-202.6510041471773,-64.93369515288751,0.0,0.0,,,,,,,0,0.0,0.0,0.0,33
Q1L9,12.30925999999995,8135204.614010177,33599905601.86644,34308779.8959799,-127659997195.8091,-177.8481902276661,-74.42341498626794,0.0,0.0,,,,,,,0,0.0,0.0,0.0,33
Q1L9,12.35425999999995,4771953.476738493,49979547163.5336,38054400.97330743,-247463358889.3333,-136.0758931726176,-90.6346875079472,0.0,0.0,,,,,,,0,0.0,0.0,0.0,33
Q1L9,12.39925999999995,1715233.70235306,80896802282.85822,27713499.4517604,-460597587233.1744,-81.29630688671162,-115.0358287227117,0.0,0.0,,,,,,,0,0.0,0.0,0.0,33
LL9L10,12.44592666666661,103793.9514771072,129597086165.4198,6817352.35272431,-582979924536.0033,-19.39871783289154,-145.2269629332462,0.0,0.0,,,,,,,0,0.0,0.0,0.0,14
LL9L10,12.49259333333328,442661.2631778552,189719721529.5788,-14078794.74631177,-705362261838.8323,42.49887122092854,-175.4180971437807,0.0,0.0,,,,,,,0,0.0,0.0,0.0,14
LL9L10,12.53925999999995,2731835.637455303,261264708375.3352,-34974941.84534784,-827744599141.6613,104.3964602747486,-205.6092313543152,0.0,0.0,,,,,,,0,0.0,0.0,0.0,14
Q1L10,12.58425999999995,7912808.092347444,273557535693.6329,-88253949.05968152,575616238374.4843,177.7620788335572,-211.3309401683543,0.0,0.0,,,,,,,0,0.0,0.0,0.0,28
Q1L10,12.62925999999995,20899667.70327565,173073493200.5822,-220637155.8684801,1485331683615.888,289.6409985153558,-169.9971145817621,0.0,0.0,,,,,,,0,0.0,0.0,0.0,28
Q1L10,12.67425999999995,53332858.27716168,45987155668.27754,-550782908.1694078,1121234660176.303,464.2287898460293,-90.55159429878454,0.0,0.0,,,,,,,0,0.0,0.0,0.0,28
Q1L10,12.71925999999995,134283051.5287298,1287083115.55601,-1374609017.72652,-204427181548.8231,739.2974161716439,9.523883291286872,0.0,0.0,,,,,,,0,0.0,0.0,0.0,28
LL10M5,12.76925999999995,306922442.509508,102902633177.9223,-2078178801.889043,-1827883819698.502,1118.408199217755,124.2800710021533,0.0,0.0,,,,,,,0,0.0,0.0,0.0,6
LL10M5,12.81925999999995,549918811.9065385,366863847055.2565,-2781748586.051566,-3451340457848.181,1497.518982263867,239.0362587130197,0.0,0.0,,,,,,,0,0.0,0.0,0.0,6
LL10M5,12.86925999999995,863272159.7198213,793170724747.5586,-3485318370.214088,-5074797095997.859,1876.629765309978,353.7924464238861,0.0,0.0,,,,,,,0,0.0,0.0,0.0,6
LL10M5,12.91925999999995,1246982485.949356,1381823266254.828,-4188888154.376611,-6698253734147.538,2255.74054835609,468.5486341347525,0.0,0.0,,,,,,,0,0.0,0.0,0.0,6
LL10M5,12.96925999999995,1701049790.595144,2132821471577.066,-4892457938.539134,-8321710372297.217,2634.851331402201,583.304821845619,0.0,0.0,,,,,,,0,0.0,0.0,0.0,6
LL10M5,13.01925999999995,2225474073.657183,3046165340714.272,-5596027722.701656,-9945167010446.896,3013.962114448313,698.0610095564855,0.0,0.0,,,,,,,0,0.0,0.0,0.0,6
LL10M5,13.06925999999995,2820255335.135475,4121854873666.445,-6299597506.864179,-11568623648596.57,3393.072897494424,812.817197267352,0.0,0.0,,,,,,,0,0.0,0.0,0.0,6
LL10M5,13.11925999999995,3485393575.030019,5359890070433.587,-7003167291.026701,-13192080286746.25,3772.183680540536,927.5733849782184,0.0,0.0,,,,,,,0,0.0,0.0,0.0,6
LL10M5,13.16925999999995,4220888793.340816,6760270931015.696,-7706737075.189223,-14815536924895.93,4151.294463586647,1042.329572689085,0.0,0.0,,,,,,,0,0.0,0.0,0.0,6
LL10M5,13.21925999999995,5026740990.067863,8322997455412.773,-8410306859.351746,-16438993563045.61,4530.405246632758,1157.085760399951,0.0,0.0,,,,,,,0,0.0,0.0,0.0,6
LL10M5,13.26925999999995,5902950165.211164,10048069643624.82,-9113876643.514269,-18062450201195.28,4909.51602967887,1271.841948110818,0.0,0.0,,,,,,,0,0.0,0.0,0.0,6
LL10M5,13.31925999999996,6849516318.770718,11935487495651.83,-9817446427.676792,-19685906839344.96,5288.626812724981,1386.598135821684,0.0,0.0,,,,,,,0,0.0,0.0,0.0,6
LL10M5,13.36925999999996,7866439450.746523,13985251011493.81,-10521016211.83932,-21309363477494.63,5667.737595771093,1501.354323532551,0.0,0.0,,,,,,,0,0.0,0.0,0.0,6
LL10M5,13.41925999999996,8953719561.13858,16197360191150.76,-11224585996.00184,-22932820115644.31,6046.848378817204,1616.110511243417,0.0,0.0,,,,,,,0,0.0,0.0,0.0,6
LL10M5,13.46925999999996,10111356649.94689,18571815034622.68,-11928155780.16436,-24556276753793.98,6425.959161863316,1730.866698954284,0.0,0.0,,,,,,,0,0.0,0.0,0.0,6
LL10M5,13.51925999999996,11339350717.17145,21108615541909.56,-12631725564.32689,-26179733391943.66,6805.069944909427,1845.62288666515,0.0,0.0,,,,,,,0,0.0,0.0,0.0,6
LL10M5,13.56925999999996,12637701762.81227,23807761713011.41,-13335295348.48941,-27803190030093.34,7184.180727955539,1960.379074376017,0.0,0.0,,,,,,,0,0.0,0.0,0.0,6
LL10M5,13.61925999999996,14006409786.86933,26669253547928.23,-14038865132.65193,-29426646668243.01,7563.29151100165,2075.135262086883,0.0,0.0,,,,,,,0,0.0,0.0,0.0,6
LL10M5,13.66925999999996,15445474789.34265,29693091046660.01,-14742434916.81446,-31050103306392.69,7942.402294047762,2189.891449797749,0.0,0.0,,,,,,,0,0.0,0.0,0.0,6
LL10M5,13.71925999999996,16954896770.23222,32879274209206.77,-15446004700.97698,-32673559944542.36,8321.513077093874,2304.647637508616,0.0,0.0,,,,,,,0,0.0,0.0,0.0,6
MBV,13.71925999999996,16954896770.23222,32879274209206.77,-15446004700.97698,-32673559944542.36,8321.513077093874,2304.647637508616,0.0,0.0,,,,,,,0,0.0,0.0,0.0,23
W3,13.71925999999996,16954896770.23222,32879274209206.77,-15446004700.97698,-32673559944542.36,8321.513077093874,2304.647637508616,0.0,0.0,,,,,,,0,0.0,0.0,0.0,37
